GROUP,PACKAGE,CLASS,INSTRUCTION_MISSED,INSTRUCTION_COVERED,BRANCH_MISSED,BRANCH_COVERED,LINE_MISSED,LINE_COVERED,COMPLEXITY_MISSED,COMPLEXITY_COVERED,METHOD_MISSED,METHOD_COVERED
Community Compass Java Service,com.compasschat.mention.dto,MentionResponse,42,0,0,0,9,0,2,0,2,0
Community Compass Java Service,com.compasschat.ai.controller,AiAgentController,43,0,4,0,10,0,5,0,3,0
Community Compass Java Service,com.compasschat,CompassChatApplication,5,3,0,0,2,1,1,1,1,1
Community Compass Java Service,com.compasschat.volunteer,VolunteerSupportRequest,24,0,0,0,7,0,7,0,7,0
Community Compass Java Service,com.compasschat.volunteer,VolunteerController,6,0,0,0,2,0,2,0,2,0
Community Compass Java Service,com.compasschat.volunteer,VolunteerService,7,0,0,0,3,0,2,0,2,0
Community Compass Java Service,com.compasschat.auth,AuthService,115,0,4,0,17,0,6,0,4,0
Community Compass Java Service,com.compasschat.auth,AuthController,28,0,0,0,9,0,3,0,3,0
Community Compass Java Service,com.compasschat.message.dto,MessageAuditLogResponse,42,0,0,0,9,0,2,0,2,0
Community Compass Java Service,com.compasschat.message.dto,MessageResponse,46,0,2,0,9,0,3,0,2,0
Community Compass Java Service,com.compasschat.message.dto,UpdateMessageRequest,6,0,0,0,1,0,1,0,1,0
Community Compass Java Service,com.compasschat.message.dto,CreateMessageRequest,6,0,0,0,1,0,1,0,1,0
Community Compass Java Service,com.compasschat.mood,Mood,24,0,0,0,9,0,5,0,5,0
Community Compass Java Service,com.compasschat.mood,ResourceRecommendationService.RecommendedResource,15,0,0,0,1,0,1,0,1,0
Community Compass Java Service,com.compasschat.mood,MoodService,121,0,4,0,34,0,10,0,8,0
Community Compass Java Service,com.compasschat.mood,MoodService.MoodLogResult,9,0,0,0,1,0,1,0,1,0
Community Compass Java Service,com.compasschat.mood,MoodController,85,0,4,0,23,0,8,0,6,0
Community Compass Java Service,com.compasschat.common.base.exception,GlobalExceptionHandler,15,26,0,0,7,8,2,3,2,3
Community Compass Java Service,com.compasschat.common.base.exception,ResourceNotFoundException,6,0,0,0,2,0,1,0,1,0
Community Compass Java Service,com.compasschat.message,MessageAuditLog,36,0,0,0,13,0,7,0,7,0
Community Compass Java Service,com.compasschat.message,MessageService,193,0,16,0,43,0,15,0,7,0
Community Compass Java Service,com.compasschat.message,Message,47,0,0,0,17,0,9,0,9,0
Community Compass Java Service,com.compasschat.message,MessagePostedEvent,9,0,0,0,4,0,2,0,2,0
Community Compass Java Service,com.compasschat.message,MessageController,121,0,4,0,30,0,11,0,9,0
Community Compass Java Service,com.compasschat.config,DataSeeder,86,0,2,0,19,0,4,0,3,0
Community Compass Java Service,com.compasschat.ai.service,AiIntent,54,0,0,0,6,0,1,0,1,0
Community Compass Java Service,com.compasschat.ai.service,RuleBasedProvider,58,0,8,0,14,0,7,0,3,0
Community Compass Java Service,com.compasschat.ai.service,ResourceSearchService,45,0,8,0,20,0,6,0,2,0
Community Compass Java Service,com.compasschat.ai.service,AiContextBuilder,6,0,0,0,3,0,2,0,2,0
Community Compass Java Service,com.compasschat.ai.service,IntentClassifier,140,0,12,0,34,0,9,0,3,0
Community Compass Java Service,com.compasschat.ai.service,GroqProvider,51,0,12,0,13,0,9,0,3,0
Community Compass Java Service,com.compasschat.ai.service,AiAgentService,69,0,4,0,18,0,5,0,3,0
Community Compass Java Service,com.compasschat.user.dto,PresenceUpdateRequest,6,0,0,0,1,0,1,0,1,0
Community Compass Java Service,com.compasschat.user.dto,UserResponse,37,0,0,0,8,0,2,0,2,0
Community Compass Java Service,com.compasschat.user.dto,UpdateUserRequest,9,0,0,0,1,0,1,0,1,0
Community Compass Java Service,com.compasschat.admin,AdminChannelController,6,0,0,0,2,0,2,0,2,0
Community Compass Java Service,com.compasschat.admin,AdminAuditController,6,0,0,0,2,0,2,0,2,0
Community Compass Java Service,com.compasschat.admin,AdminController,6,0,0,0,2,0,2,0,2,0
Community Compass Java Service,com.compasschat.admin,AdminUserController,6,0,0,0,2,0,2,0,2,0
Community Compass Java Service,com.compasschat.mood.dto,MoodResourceResponse,27,0,0,0,2,0,2,0,2,0
Community Compass Java Service,com.compasschat.mood.dto,CreateMoodRequest,9,0,0,0,1,0,1,0,1,0
Community Compass Java Service,com.compasschat.mood.dto,MoodHistoryEntry,33,0,0,0,7,0,2,0,2,0
Community Compass Java Service,com.compasschat.mood.dto,MoodResponse,35,0,0,0,7,0,2,0,2,0
Community Compass Java Service,com.compasschat.resources,ResourcesCacheService,3,0,0,0,1,0,1,0,1,0
Community Compass Java Service,com.compasschat.resources,ResourcesSearchService,3,0,0,0,1,0,1,0,1,0
Community Compass Java Service,com.compasschat.resources,ResourcesController,3,0,0,0,1,0,1,0,1,0
Community Compass Java Service,com.compasschat.resources,ResourcesItem,3,0,0,0,1,0,1,0,1,0
Community Compass Java Service,com.compasschat.ai.context.parsers,SentimentParser,236,0,6,0,38,0,6,0,3,0
Community Compass Java Service,com.compasschat.ai.context.parsers,IntentParser,360,0,20,0,22,0,13,0,3,0
Community Compass Java Service,com.compasschat.ai.context.parsers,KeywordRouter,136,0,10,0,16,0,8,0,3,0
Community Compass Java Service,com.compasschat.user,User,65,0,0,0,19,0,13,0,13,0
Community Compass Java Service,com.compasschat.user,UserService,62,0,10,0,12,0,9,0,4,0
Community Compass Java Service,com.compasschat.user,UserController,89,0,4,0,21,0,9,0,7,0
Community Compass Java Service,com.compasschat.common.base,AuditableEntity,23,9,0,0,9,3,5,3,5,3
Community Compass Java Service,com.compasschat.common.base,BaseService,55,0,2,0,12,0,7,0,6,0
Community Compass Java Service,com.compasschat.common.base,SubProjectClient,9,0,0,0,4,0,2,0,2,0
Community Compass Java Service,com.compasschat.common.base,ApiResponse,7,26,0,0,1,3,1,3,1,3
Community Compass Java Service,com.compasschat.notification,NotificationController,6,0,0,0,2,0,2,0,2,0
Community Compass Java Service,com.compasschat.notification,NotificationService,10,0,0,0,4,0,2,0,2,0
Community Compass Java Service,com.compasschat.notification,Notification,24,0,0,0,7,0,7,0,7,0
Community Compass Java Service,com.compasschat.channel.dto,ChannelMemberResponse,42,0,0,0,9,0,2,0,2,0
Community Compass Java Service,com.compasschat.channel.dto,CreateChannelRequest,0,12,0,0,0,1,0,1,0,1
Community Compass Java Service,com.compasschat.channel.dto,ChannelResponse,0,51,0,0,0,11,0,2,0,2
Community Compass Java Service,com.compasschat.channel.dto,AddMemberRequest,6,0,0,0,1,0,1,0,1,0
Community Compass Java Service,com.compasschat.channel.dto,UpdateChannelRequest,9,0,0,0,1,0,1,0,1,0
Community Compass Java Service,com.compasschat.auth.dto,AuthResponse,15,0,0,0,1,0,1,0,1,0
Community Compass Java Service,com.compasschat.auth.dto,LoginRequest,9,0,0,0,1,0,1,0,1,0
Community Compass Java Service,com.compasschat.auth.dto,RegisterRequest,9,0,0,0,1,0,1,0,1,0
Community Compass Java Service,com.compasschat.mention,Mention,43,0,0,0,14,0,8,0,8,0
Community Compass Java Service,com.compasschat.mention,MentionService,132,0,6,0,34,0,11,0,8,0
Community Compass Java Service,com.compasschat.mention,MentionController,69,0,4,0,13,0,9,0,7,0
Community Compass Java Service,com.compasschat.mention,UserMentionedEvent,33,0,0,0,12,0,6,0,6,0
Community Compass Java Service,com.compasschat.common.enums,MoodType,158,0,0,0,19,0,3,0,3,0
Community Compass Java Service,com.compasschat.common.enums,NotificationType,54,0,0,0,6,0,1,0,1,0
Community Compass Java Service,com.compasschat.common.enums,PresenceStatus,44,0,0,0,5,0,1,0,1,0
Community Compass Java Service,com.compasschat.common.enums,ReminderType,44,0,0,0,5,0,1,0,1,0
Community Compass Java Service,com.compasschat.common.enums,Role,0,74,0,0,0,8,0,1,0,1
Community Compass Java Service,com.compasschat.common.enums,AuditAction,34,0,0,0,4,0,1,0,1,0
Community Compass Java Service,com.compasschat.common.enums,ChannelType,0,44,0,0,0,5,0,1,0,1
Community Compass Java Service,com.compasschat.channel,ChannelService,444,0,52,0,88,0,48,0,21,0
Community Compass Java Service,com.compasschat.channel,ChannelMember,71,0,0,0,21,0,14,0,14,0
Community Compass Java Service,com.compasschat.channel,MemberRole,34,0,0,0,4,0,1,0,1,0
Community Compass Java Service,com.compasschat.channel,Channel,29,36,0,0,6,13,6,7,6,7
Community Compass Java Service,com.compasschat.channel,NotificationPreference,34,0,0,0,4,0,1,0,1,0
Community Compass Java Service,com.compasschat.channel,ChannelController,149,53,2,2,28,14,13,4,11,4
Community Compass Java Service,com.compasschat.websocket.dto,OutgoingChatMessage,18,0,0,0,1,0,1,0,1,0
Community Compass Java Service,com.compasschat.websocket.dto,TypingIndicator,15,0,0,0,1,0,1,0,1,0
Community Compass Java Service,com.compasschat.websocket.dto,IncomingChatMessage,6,0,0,0,1,0,1,0,1,0
Community Compass Java Service,com.compasschat.websocket.dto,PresenceUpdate,15,0,0,0,1,0,1,0,1,0
Community Compass Java Service,com.compasschat.reminder,ReminderService,3,0,0,0,1,0,1,0,1,0
Community Compass Java Service,com.compasschat.reminder,Reminder,3,0,0,0,1,0,1,0,1,0
Community Compass Java Service,com.compasschat.reminder,ReminderController,3,0,0,0,1,0,1,0,1,0
Community Compass Java Service,com.compasschat.reminder,ReminderRepository,3,0,0,0,1,0,1,0,1,0
Community Compass Java Service,com.compasschat.auth.security,JwtAuthFilter,27,30,3,3,6,9,3,2,0,2
Community Compass Java Service,com.compasschat.auth.security,SecurityConfig,74,0,0,0,15,0,8,0,8,0
Community Compass Java Service,com.compasschat.auth.security,JwtService,83,0,0,0,25,0,7,0,7,0
Community Compass Java Service,com.compasschat.ai.integration,KindConnectClient,121,0,8,0,25,0,8,0,4,0
Community Compass Java Service,com.compasschat.ai.integration,CivicContextClient,33,0,4,0,16,0,4,0,2,0
Community Compass Java Service,com.compasschat.ai.integration,AiResourceRecommendationClient,132,0,12,0,46,0,14,0,7,0
Community Compass Java Service,com.compasschat.ai.integration,YouthPathwayClient,124,0,8,0,25,0,8,0,4,0
Community Compass Java Service,com.compasschat.ai.integration,FirstStepClient,16,0,0,0,8,0,2,0,2,0
Community Compass Java Service,com.compasschat.ai.integration,HousingContextClient,119,0,8,0,24,0,8,0,4,0
Community Compass Java Service,com.compasschat.common.utils,DateUtil,92,0,14,0,19,0,16,0,9,0
Community Compass Java Service,com.compasschat.ai.dto,ChatResponse,12,0,0,0,1,0,1,0,1,0
Community Compass Java Service,com.compasschat.ai.dto,ChatRequest,6,0,0,0,1,0,1,0,1,0
Community Compass Java Service,com.compasschat.ai.context,IntentType,94,0,0,0,10,0,1,0,1,0
Community Compass Java Service,com.compasschat.ai.context,AIContextBuilder,212,0,19,0,48,0,16,0,3,0
Community Compass Java Service,com.compasschat.ai.context,EscalationDecision,27,0,0,0,4,0,4,0,4,0
Community Compass Java Service,com.compasschat.ai.context,ContextSource,74,0,0,0,8,0,1,0,1,0
Community Compass Java Service,com.compasschat.ai.context,AIContext,57,0,2,0,16,0,12,0,11,0
Community Compass Java Service,com.compasschat.ai.context,ContextFragment,9,0,0,0,1,0,1,0,1,0
Community Compass Java Service,com.compasschat.websocket,WebSocketAuthInterceptor,219,0,34,0,46,0,26,0,8,0
Community Compass Java Service,com.compasschat.websocket,WebSocketConfig,61,0,0,0,11,0,4,0,4,0
Community Compass Java Service,com.compasschat.websocket,PresenceService,53,0,0,0,13,0,4,0,4,0
Community Compass Java Service,com.compasschat.websocket,StompPrincipal,13,0,0,0,2,0,2,0,2,0
Community Compass Java Service,com.compasschat.websocket,PresenceEventListener,55,0,8,0,15,0,8,0,4,0
Community Compass Java Service,com.compasschat.websocket,WebSocketMessageController,60,0,4,0,13,0,7,0,5,0
Community Compass Java Service,com.compasschat.websocket,PresenceUpdate,15,0,0,0,1,0,1,0,1,0
Community Compass Java Service,com.compasschat.websocket,ChatBroadcastListener,44,0,2,0,14,0,3,0,2,0
